-- phpMyAdmin SQL Dump
-- version 4.8.4
-- https://www.phpmyadmin.net/
--
-- Host: 127.0.0.1:3306
-- Generation Time: Mar 15, 2019 at 06:35 PM
-- Server version: 5.7.24
-- PHP Version: 7.2.14

SET SQL_MODE = "NO_AUTO_VALUE_ON_ZERO";
SET AUTOCOMMIT = 0;
START TRANSACTION;
SET time_zone = "+00:00";


/*!40101 SET @OLD_CHARACTER_SET_CLIENT=@@CHARACTER_SET_CLIENT */;
/*!40101 SET @OLD_CHARACTER_SET_RESULTS=@@CHARACTER_SET_RESULTS */;
/*!40101 SET @OLD_COLLATION_CONNECTION=@@COLLATION_CONNECTION */;
/*!40101 SET NAMES utf8mb4 */;

--
-- Database: `myshop`
--

-- --------------------------------------------------------

--
-- Table structure for table `bills`
--

DROP TABLE IF EXISTS `bills`;
CREATE TABLE IF NOT EXISTS `bills` (
  `id` int(10) UNSIGNED NOT NULL AUTO_INCREMENT,
  `id_customer` int(11) DEFAULT NULL,
  `date_order` date DEFAULT NULL,
  `total` float DEFAULT NULL COMMENT 'tổng tiền',
  `payment` varchar(200) CHARACTER SET utf8 COLLATE utf8_unicode_ci DEFAULT NULL COMMENT 'hình thức thanh toán',
  `note` varchar(500) CHARACTER SET utf8 COLLATE utf8_unicode_ci DEFAULT NULL,
  `created_at` timestamp NULL DEFAULT CURRENT_TIMESTAMP ON UPDATE CURRENT_TIMESTAMP,
  `updated_at` timestamp NULL DEFAULT CURRENT_TIMESTAMP,
  PRIMARY KEY (`id`),
  KEY `bills_ibfk_1` (`id_customer`)
) ENGINE=MyISAM AUTO_INCREMENT=16 DEFAULT CHARSET=latin1;

--
-- Dumping data for table `bills`
--

INSERT INTO `bills` (`id`, `id_customer`, `date_order`, `total`, `payment`, `note`, `created_at`, `updated_at`) VALUES
(14, 14, '2017-03-23', 160000, 'COD', 'k', '2017-03-23 04:46:05', '2017-03-23 04:46:05'),
(13, 13, '2017-03-21', 400000, 'ATM', 'Vui lòng giao hàng trước 5h', '2017-03-21 07:29:31', '2017-03-21 07:29:31'),
(12, 12, '2017-03-21', 520000, 'COD', 'Vui lòng chuyển đúng hạn', '2017-03-21 07:20:07', '2017-03-21 07:20:07'),
(11, 11, '2017-03-21', 420000, 'COD', 'không chú', '2017-03-21 07:16:09', '2017-03-21 07:16:09'),
(15, 15, '2017-03-24', 220000, 'COD', 'e', '2017-03-24 07:14:32', '2017-03-24 07:14:32');

-- --------------------------------------------------------

--
-- Table structure for table `bill_detail`
--

DROP TABLE IF EXISTS `bill_detail`;
CREATE TABLE IF NOT EXISTS `bill_detail` (
  `id` int(10) UNSIGNED NOT NULL AUTO_INCREMENT,
  `id_bill` int(10) NOT NULL,
  `id_product` int(10) NOT NULL,
  `quantity` int(11) NOT NULL COMMENT 'số lượng',
  `unit_price` double NOT NULL,
  `created_at` timestamp NOT NULL DEFAULT CURRENT_TIMESTAMP ON UPDATE CURRENT_TIMESTAMP,
  `updated_at` timestamp NOT NULL DEFAULT '0000-00-00 00:00:00',
  PRIMARY KEY (`id`),
  KEY `bill_detail_ibfk_2` (`id_product`)
) ENGINE=MyISAM AUTO_INCREMENT=19 DEFAULT CHARSET=latin1;

--
-- Dumping data for table `bill_detail`
--

INSERT INTO `bill_detail` (`id`, `id_bill`, `id_product`, `quantity`, `unit_price`, `created_at`, `updated_at`) VALUES
(18, 15, 62, 5, 220000, '2017-03-24 07:14:32', '2017-03-24 07:14:32'),
(17, 14, 2, 1, 160000, '2017-03-23 04:46:05', '2017-03-23 04:46:05'),
(16, 13, 60, 1, 200000, '2017-03-21 07:29:31', '2017-03-21 07:29:31'),
(15, 13, 59, 1, 200000, '2017-03-21 07:29:31', '2017-03-21 07:29:31'),
(14, 12, 60, 2, 200000, '2017-03-21 07:20:07', '2017-03-21 07:20:07'),
(13, 12, 61, 1, 120000, '2017-03-21 07:20:07', '2017-03-21 07:20:07'),
(12, 11, 61, 1, 120000, '2017-03-21 07:16:09', '2017-03-21 07:16:09'),
(11, 11, 57, 2, 150000, '2017-03-21 07:16:09', '2017-03-21 07:16:09');

-- --------------------------------------------------------

--
-- Table structure for table `customer`
--

DROP TABLE IF EXISTS `customer`;
CREATE TABLE IF NOT EXISTS `customer` (
  `id` int(10) UNSIGNED NOT NULL AUTO_INCREMENT,
  `name` varchar(100) COLLATE utf8_unicode_ci NOT NULL,
  `gender` varchar(10) COLLATE utf8_unicode_ci NOT NULL,
  `email` varchar(50) COLLATE utf8_unicode_ci NOT NULL,
  `address` varchar(100) COLLATE utf8_unicode_ci NOT NULL,
  `phone_number` varchar(20) COLLATE utf8_unicode_ci NOT NULL,
  `note` varchar(200) COLLATE utf8_unicode_ci NOT NULL,
  `created_at` timestamp NOT NULL DEFAULT CURRENT_TIMESTAMP ON UPDATE CURRENT_TIMESTAMP,
  `updated_at` timestamp NOT NULL DEFAULT CURRENT_TIMESTAMP,
  PRIMARY KEY (`id`)
) ENGINE=MyISAM AUTO_INCREMENT=16 DEFAULT CHARSET=utf8 COLLATE=utf8_unicode_ci;

--
-- Dumping data for table `customer`
--

INSERT INTO `customer` (`id`, `name`, `gender`, `email`, `address`, `phone_number`, `note`, `created_at`, `updated_at`) VALUES
(15, 'ê', 'Nữ', 'huongnguyen@gmail.com', 'e', 'e', 'e', '2017-03-24 07:14:32', '2017-03-24 07:14:32'),
(14, 'hhh', 'nam', 'huongnguyen@gmail.com', 'Lê thị riêng', '99999999999999999', 'k', '2017-03-23 04:46:05', '2017-03-23 04:46:05'),
(13, 'Hương Hương', 'Nữ', 'huongnguyenak96@gmail.com', 'Lê Thị Riêng, Quận 1', '23456789', 'Vui lòng giao hàng trước 5h', '2017-03-21 07:29:31', '2017-03-21 07:29:31'),
(12, 'Khoa phạm', 'Nam', 'khoapham@gmail.com', 'Lê thị riêng', '1234567890', 'Vui lòng chuyển đúng hạn', '2017-03-21 07:20:07', '2017-03-21 07:20:07'),
(11, 'Hương Hương', 'Nữ', 'huongnguyenak96@gmail.com', 'Lê Thị Riêng, Quận 1', '234567890-', 'không chú', '2017-03-21 07:16:09', '2017-03-21 07:16:09');

-- --------------------------------------------------------

--
-- Table structure for table `news`
--

DROP TABLE IF EXISTS `news`;
CREATE TABLE IF NOT EXISTS `news` (
  `id` int(10) NOT NULL,
  `title` varchar(200) CHARACTER SET utf8 COLLATE utf8_unicode_ci NOT NULL COMMENT 'tiêu đề',
  `content` text CHARACTER SET utf8 COLLATE utf8_unicode_ci NOT NULL COMMENT 'nội dung',
  `image` varchar(100) CHARACTER SET utf8 COLLATE utf8_unicode_ci NOT NULL COMMENT 'hình',
  `create_at` timestamp NOT NULL DEFAULT CURRENT_TIMESTAMP ON UPDATE CURRENT_TIMESTAMP,
  `update_at` timestamp NOT NULL DEFAULT '0000-00-00 00:00:00',
  PRIMARY KEY (`id`)
) ENGINE=MyISAM DEFAULT CHARSET=utf8;

--
-- Dumping data for table `news`
--

INSERT INTO `news` (`id`, `title`, `content`, `image`, `create_at`, `update_at`) VALUES
(1, 'Mùa trung thu năm nay, Hỷ Lâm Môn muốn gửi đến quý khách hàng sản phẩm mới xuất hiện lần đầu tiên tại Việt nam \"Bánh trung thu Bơ Sữa HongKong\".', 'Những ý tưởng dưới đây sẽ giúp bạn sắp xếp tủ quần áo trong phòng ngủ chật hẹp của mình một cách dễ dàng và hiệu quả nhất. ', 'sample1.jpg', '2017-03-11 06:20:23', '0000-00-00 00:00:00'),
(2, 'Tư vấn cải tạo phòng ngủ nhỏ sao cho thoải mái và thoáng mát', 'Chúng tôi sẽ tư vấn cải tạo và bố trí nội thất để giúp phòng ngủ của chàng trai độc thân thật thoải mái, thoáng mát và sáng sủa nhất. ', 'sample2.jpg', '2016-10-20 02:07:14', '0000-00-00 00:00:00'),
(3, 'Đồ gỗ nội thất và nhu cầu, xu hướng sử dụng của người dùng', 'Đồ gỗ nội thất ngày càng được sử dụng phổ biến nhờ vào hiệu quả mà nó mang lại cho không gian kiến trúc. Xu thế của các gia đình hiện nay là muốn đem thiên nhiên vào nhà ', 'sample3.jpg', '2016-10-20 02:07:14', '0000-00-00 00:00:00'),
(4, 'Hướng dẫn sử dụng bảo quản đồ gỗ, nội thất.', 'Ngày nay, xu hướng chọn vật dụng làm bằng gỗ để trang trí, sử dụng trong văn phòng, gia đình được nhiều người ưa chuộng và quan tâm. Trên thị trường có nhiều sản phẩm mẫu ', 'sample4.jpg', '2016-10-20 02:07:14', '0000-00-00 00:00:00'),
(5, 'Phong cách mới trong sử dụng đồ gỗ nội thất gia đình', 'Đồ gỗ nội thất gia đình ngày càng được sử dụng phổ biến nhờ vào hiệu quả mà nó mang lại cho không gian kiến trúc. Phong cách sử dụng đồ gỗ hiện nay của các gia đình hầu h ', 'sample5.jpg', '2016-10-20 02:07:14', '0000-00-00 00:00:00');

-- --------------------------------------------------------

--
-- Table structure for table `products`
--

DROP TABLE IF EXISTS `products`;
CREATE TABLE IF NOT EXISTS `products` (
  `id` int(10) UNSIGNED NOT NULL AUTO_INCREMENT,
  `name` varchar(100) COLLATE utf8_unicode_ci DEFAULT NULL,
  `id_type` int(10) UNSIGNED DEFAULT NULL,
  `description` text COLLATE utf8_unicode_ci,
  `unit_price` float DEFAULT NULL,
  `promotion_price` float DEFAULT NULL,
  `image` varchar(255) COLLATE utf8_unicode_ci DEFAULT NULL,
  `unit` varchar(255) COLLATE utf8_unicode_ci DEFAULT NULL,
  `new` tinyint(4) DEFAULT '0',
  `created_at` timestamp NULL DEFAULT NULL,
  `updated_at` timestamp NULL DEFAULT NULL,
  PRIMARY KEY (`id`),
  KEY `products_id_type_foreign` (`id_type`)
) ENGINE=InnoDB AUTO_INCREMENT=20 DEFAULT CHARSET=utf8 COLLATE=utf8_unicode_ci;

--
-- Dumping data for table `products`
--

INSERT INTO `products` (`id`, `name`, `id_type`, `description`, `unit_price`, `promotion_price`, `image`, `unit`, `new`, `created_at`, `updated_at`) VALUES
(1, 'Điện thoại 1', 5, '', 150, 0, 'new_1.jpg', 'hộp', 1, '2016-10-26 03:00:16', '2016-10-24 22:11:00'),
(2, 'Điện thoại 2', 6, '', 200, 0, 'new_2.jpg', 'hộp', 1, '2016-10-26 03:00:16', '2016-10-24 22:11:00'),
(3, 'Điện thoại 3', 5, '', 175, 0, 'new_3.jpg', 'hộp', 1, '2016-10-26 03:00:16', '2016-10-24 22:11:00'),
(4, 'Điện thoại 4', 5, '', 160, 145, 'new_4.jpg', 'hộp', 0, '2016-10-26 03:00:16', '2016-10-24 22:11:00'),
(5, 'Điện thoại 5', 5, '', 160, 150, 'new_5.jpg', 'hộp', 0, '2016-10-26 03:00:16', '2016-10-24 22:11:00'),
(6, 'Điện thoại 6', 5, '', 225, 200, 'new_6.jpg', 'hộp', 0, '2016-10-26 03:00:16', '2016-10-24 22:11:00'),
(7, 'Điện thoại 7', 5, '', 315, 0, 'new_7.jpg', 'hộp', 1, '2016-10-26 03:00:16', '2016-10-24 22:11:00'),
(8, 'Điện thoại 8', 5, '', 165, 0, 'new_8.jpg', 'hộp', 0, '2016-10-26 03:00:16', '2016-10-24 22:11:00'),
(9, 'Điện thoại 9', 5, '', 145, 140, 'new_9.jpg', 'hộp', 0, '2016-10-26 03:00:16', '2016-10-24 22:11:00'),
(11, 'Điện thoại 11', 3, '', 250, 0, 'new_10.jpg', 'cái', 0, '2016-10-12 02:00:00', '2016-10-27 02:24:00'),
(12, 'Điện thoại 12', 4, NULL, 120, 0, 'new_1.jpg', NULL, 0, NULL, NULL),
(13, 'Điện thoại 13', 6, NULL, 130, 100, 'new_5.jpg', NULL, 0, NULL, NULL),
(14, 'Điện thoại 14', 7, NULL, 167, 120, 'new_1.jpg', NULL, 0, NULL, NULL),
(15, 'Điện thoại 15', 2, NULL, 125, 120, 'new_1.jpg', NULL, 0, NULL, NULL),
(16, 'Điện thoại 16', 5, NULL, 220, 0, 'new_6.jpg', NULL, 1, NULL, NULL),
(17, 'Điện thoại 17', 8, NULL, 180, 0, 'new_7.jpg', NULL, 1, NULL, NULL),
(18, 'Điện thoại 8', 3, NULL, 195, 180, 'new_8.jpg', NULL, 0, NULL, NULL),
(19, 'Điện thoại 19', 7, NULL, 99, 0, 'new_9.jpg', NULL, 1, NULL, NULL);

-- --------------------------------------------------------

--
-- Table structure for table `slide`
--

DROP TABLE IF EXISTS `slide`;
CREATE TABLE IF NOT EXISTS `slide` (
  `id` int(11) NOT NULL AUTO_INCREMENT,
  `link` varchar(100) NOT NULL,
  `image` varchar(100) NOT NULL,
  PRIMARY KEY (`id`)
) ENGINE=InnoDB AUTO_INCREMENT=4 DEFAULT CHARSET=utf8;

--
-- Dumping data for table `slide`
--

INSERT INTO `slide` (`id`, `link`, `image`) VALUES
(1, '', 'banner1.png'),
(2, '', 'banner2.png'),
(3, '', 'banner3.png');

-- --------------------------------------------------------

--
-- Table structure for table `type_products`
--

DROP TABLE IF EXISTS `type_products`;
CREATE TABLE IF NOT EXISTS `type_products` (
  `id` int(10) UNSIGNED NOT NULL AUTO_INCREMENT,
  `name` varchar(100) COLLATE utf8_unicode_ci NOT NULL,
  `description` text COLLATE utf8_unicode_ci NOT NULL,
  `image` varchar(255) COLLATE utf8_unicode_ci NOT NULL,
  `created_at` timestamp NULL DEFAULT NULL,
  `updated_at` timestamp NULL DEFAULT NULL,
  PRIMARY KEY (`id`)
) ENGINE=InnoDB AUTO_INCREMENT=9 DEFAULT CHARSET=utf8 COLLATE=utf8_unicode_ci;

--
-- Dumping data for table `type_products`
--

INSERT INTO `type_products` (`id`, `name`, `description`, `image`, `created_at`, `updated_at`) VALUES
(1, 'B&O Play', '', 'brands_1.jpg', NULL, NULL),
(2, 'Google', '', 'brands_2.jpg', '2016-10-12 02:16:15', '2016-10-13 01:38:35'),
(3, 'Xiaomi', '', 'brands_3.jpg', '2016-10-18 00:33:33', '2016-10-15 07:25:27'),
(4, 'Samsung', '', 'brands_4.jpg', '2016-10-26 03:29:19', '2016-10-26 02:22:22'),
(5, 'Apple', '', 'brands_5.jpg', '2016-10-28 04:00:00', '2016-10-27 04:00:23'),
(6, 'Sony', '', 'brands_6.jpg', '2016-10-25 17:19:00', NULL),
(7, 'One Plus', '', 'brands_7.jpg', '2016-10-25 17:19:00', NULL),
(8, 'Meizu', '', 'brands_8.jpg', NULL, NULL);

-- --------------------------------------------------------

--
-- Table structure for table `users`
--

DROP TABLE IF EXISTS `users`;
CREATE TABLE IF NOT EXISTS `users` (
  `id` int(10) UNSIGNED NOT NULL AUTO_INCREMENT,
  `full_name` varchar(255) COLLATE utf8_unicode_ci NOT NULL,
  `email` varchar(255) COLLATE utf8_unicode_ci NOT NULL,
  `password` varchar(255) COLLATE utf8_unicode_ci NOT NULL,
  `phone` varchar(20) COLLATE utf8_unicode_ci DEFAULT NULL,
  `address` varchar(255) COLLATE utf8_unicode_ci DEFAULT NULL,
  `remember_token` varchar(100) COLLATE utf8_unicode_ci DEFAULT NULL,
  `created_at` timestamp NULL DEFAULT NULL,
  `updated_at` timestamp NULL DEFAULT NULL,
  PRIMARY KEY (`id`),
  UNIQUE KEY `users_email_unique` (`email`)
) ENGINE=InnoDB AUTO_INCREMENT=7 DEFAULT CHARSET=utf8 COLLATE=utf8_unicode_ci;

--
-- Dumping data for table `users`
--

INSERT INTO `users` (`id`, `full_name`, `email`, `password`, `phone`, `address`, `remember_token`, `created_at`, `updated_at`) VALUES
(6, 'Hương Hương', 'huonghuong08.php@gmail.com', '$2y$10$rGY4KT6ZSMmLnxIbmTXrsu2xdgRxm8x0UTwCyYCAzrJ320kYheSRq', '23456789', 'Hoàng Diệu 2', NULL, '2017-03-23 07:17:33', '2017-03-23 07:17:33');

--
-- Constraints for dumped tables
--

--
-- Constraints for table `products`
--
ALTER TABLE `products`
  ADD CONSTRAINT `products_id_type_foreign` FOREIGN KEY (`id_type`) REFERENCES `type_products` (`id`);
COMMIT;

/*!40101 SET CHARACTER_SET_CLIENT=@OLD_CHARACTER_SET_CLIENT */;
/*!40101 SET CHARACTER_SET_RESULTS=@OLD_CHARACTER_SET_RESULTS */;
/*!40101 SET COLLATION_CONNECTION=@OLD_COLLATION_CONNECTION */;
